id;name;department_id;created_by;last_modified_by
1;Dev Project1;1;system;system
2;R&D Project1;2;system;system
3;Dev Project2;1;system;system
4;R&D Project2;2;system;system
5;Testing Project1;3;system;system
6;Testing Project2;3;system;system
7;QA Project1;4;system;system
8;QA Project2;4;system;system
9;Dep1 Project1;5;system;system
10;Dep1 Project2;5;system;system
11;Dep2 Project1;6;system;system
12;Dep2 Project2;6;system;system
13;Dep3 Project1;7;system;system
14;Dep3 Project2;7;system;system
15;Dep4 Project1;8;system;system
16;Dep4 Project2;8;system;system
17;Dep5 Project1;9;system;system
18;Dep5 Project2;9;system;system
19;Dep6 Project1;10;system;system
20;Dep6 Project2;10;system;system
21;Dep7 Project1;11;system;system
22;Dep7 Project2;11;system;system
23;Dep8 Project1;12;system;system
24;Dep8 Project2;12;system;system
25;Dep9 Project1;13;system;system
26;Dep9 Project2;13;system;system
27;Dep10 Project1;14;system;system
28;Dep10 Project2;14;system;system
